pos.x,pos.y,pos.z,move.x,bUse,nType
40.000000,635.000000,0.000000,2.000000,1,0
