pos.x,pos.y,pos.z,fTimeStart,fTimeEnd,fRadiusDis,fWidth,fHeight,fGoalX,fGoalY,bUse,nType,aRemarks
400.000000,350.000000,0.000000,1.000000,2.000000,50.000000,200.000000,100.000000,600.000000,-1.000000,1,4,GIMMICK_HELP_005
400.000000,350.000000,0.000000,0.000000,1.000000,50.000000,200.000000,100.000000,-1.000000,350.000000,1,3,GIMMICK_HELP_004
1050.000000,350.002380,0.000000,0.000000,5.000000,50.000000,300.000000,100.000000,-1.000000,350.000000,1,3,GIMMICK_HELP_004
