pos.x,pos.y,pos.z,move.x,bUse,nType
35.000000,240.000000,0.000000,4.500000,1,0
