pos.x,pos.y,pos.z,fSpeedX,bUse,nType
45.000000,245.000000,0.000000,5.000000,1,0
