pos.x,pos.y,pos.z,move.x,bUse,nType
60.000000,255.000000,0.000000,5.000000,1,0
