pos.x,pos.y,pos.z,fTimeStart,fTimeEnd,fRadiusDis,fWidth,fHeight,fGoalX,fGoalY,bUse,nType,aRemarks
400.000000,450.000000,0.000000,1.000000,3.000000,50.000000,200.000000,100.000000,-1.000000,650.000000,1,2,GIMMICK_HELP_003
600.000000,450.000000,0.000000,1.500000,3.500000,50.000000,200.000000,100.000000,100.000000,650.000000,1,2,GIMMICK_HELP_003
800.000000,450.000000,0.000000,2.000000,4.000000,50.000000,200.000000,100.000000,100.000000,650.000000,1,2,GIMMICK_HELP_003
