pos.x,pos.y,pos.z,fSpeedX,bUse,nType
35.000000,350.000000,0.000000,5.000000,1,0
