pos.x,pos.y,pos.z,bUse,nType,aRemarks
50.000000,450.000000,0.000000,1,0,WALL_TYPE_001
150.000000,450.000000,0.000000,1,0,WALL_TYPE_001
250.000000,450.000000,0.000000,1,0,WALL_TYPE_001
1050.000000,450.000000,0.000000,1,0,WALL_TYPE_001
1150.000000,450.000000,0.000000,1,0,WALL_TYPE_001
950.000000,450.000000,0.000000,1,0,WALL_TYPE_001
1175.000000,300.000000,0.000000,1,4,WALL_TYPE_GOAL
