pos.x,pos.y,pos.z,fTimeStart,fTimeEnd,fRadiusDis,bUse,nType,aRemarks
370.000000,321.530762,0.000000,0.000000,5.000000,50.000000,1,2,GIMMICK_TYPE_003
785.000000,323.051361,0.000000,0.000000,5.000000,50.000000,1,2,GIMMICK_TYPE_003
