pos.x,pos.y,pos.z,bUse,nType
50.000000,650.000000,0.000000,1,0
