pos.x,pos.y,pos.z,bUse,nType
40.000000,150.000000,0.000000,1,0
